<!DOCTYPE ui:UiBinder SYSTEM "http://dl.google.com/gwt/DTD/xhtml.ent">
<ui:UiBinder xmlns:ui="urn:ui:com.google.gwt.uibinder">
	<ui:style>
	
	</ui:style>
	<div class="panel-body">
		<div class="row">
			<div class="col-sm-6">
				<div class="form-group">
					<label class="col-sm-2 control-label">From</label>
					<div class="col-sm-10">
						<input type="text" class="form-control" />
					</div>
				</div>
			</div>

			<div class="col-sm-6">

			</div>
		</div>

		<div class="row">
			<div class="form-group">
				<div class="pull-right">SMS: 1</div>
			</div>
		</div>

		<div class="row">
			<div class="col-sm-12">
				<div class="form-group">
					<div class="col-sm-12">
						<div class="btn-toolbar m-b-sm btn-editor" data-role="editor-toolbar"
							data-target="#editor">
							<div class="btn-group">
								<a class="btn btn-default btn-sm dropdown-toggle" data-toggle="dropdown"
									title="Font">
									<i class="fa fa-font"></i>
									<b class="caret"></b>
								</a>
								<ul class="dropdown-menu">
								</ul>
							</div>
							<div class="btn-group">
								<a class="btn btn-default btn-sm dropdown-toggle" data-toggle="dropdown"
									title="Font Size">
									<i class="fa fa-text-height"></i>
									&nbsp;
									<b class="caret"></b>
								</a>
								<ul class="dropdown-menu">
									<li>
										<a data-edit="fontSize 5">
											<font size="5">Huge</font>
										</a>
									</li>
									<li>
										<a data-edit="fontSize 3">
											<font size="3">Normal</font>
										</a>
									</li>
									<li>
										<a data-edit="fontSize 1">
											<font size="1">Small</font>
										</a>
									</li>
								</ul>
							</div>
							<div class="btn-group">
								<a class="btn btn-default btn-sm" data-edit="bold"
									title="Bold (Ctrl/Cmd+B)">
									<i class="fa fa-bold"></i>
								</a>
								<a class="btn btn-default btn-sm" data-edit="italic"
									title="Italic (Ctrl/Cmd+I)">
									<i class="fa fa-italic"></i>
								</a>
								<a class="btn btn-default btn-sm" data-edit="strikethrough"
									title="Strikethrough">
									<i class="fa fa-strikethrough"></i>
								</a>
								<a class="btn btn-default btn-sm" data-edit="underline"
									title="Underline (Ctrl/Cmd+U)">
									<i class="fa fa-underline"></i>
								</a>
							</div>
							<div class="btn-group">
								<a class="btn btn-default btn-sm" data-edit="insertunorderedlist"
									title="Bullet list">
									<i class="fa fa-list-ul"></i>
								</a>
								<a class="btn btn-default btn-sm" data-edit="insertorderedlist"
									title="Number list">
									<i class="fa fa-list-ol"></i>
								</a>
								<a class="btn btn-default btn-sm" data-edit="outdent"
									title="Reduce indent (Shift+Tab)">
									<i class="fa fa-dedent"></i>
								</a>
								<a class="btn btn-default btn-sm" data-edit="indent" title="Indent (Tab)">
									<i class="fa fa-indent"></i>
								</a>
							</div>
							<div class="btn-group">
								<a class="btn btn-default btn-sm" data-edit="justifyleft"
									title="Align Left (Ctrl/Cmd+L)">
									<i class="fa fa-align-left"></i>
								</a>
								<a class="btn btn-default btn-sm" data-edit="justifycenter"
									title="Center (Ctrl/Cmd+E)">
									<i class="fa fa-align-center"></i>
								</a>
								<a class="btn btn-default btn-sm" data-edit="justifyright"
									title="Align Right (Ctrl/Cmd+R)">
									<i class="fa fa-align-right"></i>
								</a>
								<a class="btn btn-default btn-sm" data-edit="justifyfull"
									title="Justify (Ctrl/Cmd+J)">
									<i class="fa fa-align-justify"></i>
								</a>
							</div>
							<div class="btn-group">
								<a class="btn btn-default btn-sm dropdown-toggle" data-toggle="dropdown"
									title="Hyperlink">
									<i class="fa fa-link"></i>
								</a>
								<div class="dropdown-menu">
									<div class="input-group m-l-xs m-r-xs">
										<input class="form-control input-sm" placeholder="URL"
											type="text" data-edit="createLink" />
										<div class="input-group-btn">
											<button class="btn btn-default btn-sm" type="button">Add</button>
										</div>
									</div>
								</div>
								<a class="btn btn-default btn-sm" data-edit="unlink" title="Remove Hyperlink">
									<i class="fa fa-cut"></i>
								</a>
							</div>
							<div class="btn-group hide">
								<a class="btn btn-default btn-sm" title="Insert picture (or just drag n drop)"
									id="pictureBtn">
									<i class="fa fa-picture-o"></i>
								</a>
								<input type="file" data-role="magic-overlay" data-target="#pictureBtn"
									data-edit="insertImage" />
							</div>
							<div class="btn-group">
								<a class="btn btn-default btn-sm" data-edit="undo"
									title="Undo (Ctrl/Cmd+Z)">
									<i class="fa fa-undo"></i>
								</a>
								<a class="btn btn-default btn-sm" data-edit="redo"
									title="Redo (Ctrl/Cmd+Y)">
									<i class="fa fa-repeat"></i>
								</a>
							</div>
						</div>
						<div id="editor" class="form-control"
							style="overflow:scroll;height:150px;max-height:150px"> Go on ... </div>
					</div>
				</div>
			</div>
		</div>

		<div class="row">

		</div>

	</div>
</ui:UiBinder>