<!DOCTYPE ui:UiBinder SYSTEM "http://dl.google.com/gwt/DTD/xhtml.ent">
<ui:UiBinder xmlns:ui="urn:ui:com.google.gwt.uibinder"
	xmlns:g="urn:import:com.google.gwt.user.client.ui" xmlns:c="urn:import:com.beta.rsatech.churchcradle.client.widgets">
	<ui:style>
		.clearfix{margin: 0;}
	</ui:style>
	<g:HTMLPanel styleName="panel-body">
		<div class="row" ui:field="groupsDiv">
			<div class="alert alert-danger hide" ui:field="errorDiv">
				<button type="button" class="close" data-dismiss="alert">×</button>
				<i class="fa fa-ban-circle"></i>
				<strong ui:field="titleErrorMessage"></strong>
			</div>
		</div>

		<div class="row m-l-sm">
			<div class="col-xs-5 bg-danger dk lter r-l">
				<a href="javascript:void(0)" class="wrapper" ui:field="groupBtn">
					<i class="fa fa-group fa fa-2x m-t m-b-sm text-white"></i>
					<p class="text-muted font-bold {style.clearfix}">Groups</p>
					<div class="h4 font-bold m-b-sm" ui:field="totalGroups">0</div>
					<p class="text-muted font-bold {style.clearfix}">Members</p>
					<div class="h4 font-bold m-b-sm" ui:field="totalMembers">0</div>
				</a>
			</div>
		</div>


		<div class="row">
			<div class="col-sm-6">
				<div class="form-group">
				</div>
			</div>
		</div>

		<div class="row">
			<div class="col-sm-6">
				<div class="form-group">
					<div class="col-sm-10">
						<label class="control-label">From</label>
						<g:TextBox styleName="form-control" ui:field="fromBox"></g:TextBox>
					</div>
				</div>
			</div>
		</div>

		<div class="row">
			<div class="col-sm-12">
				<div class="form-group">
					<div class="col-sm-12">
						<div class="pull-right" ui:field="smsCounter">SMS 1</div>
					</div>
				</div>
			</div>
		</div>

		<div class="row">
			<div class="col-sm-12">
				<div class="form-group">
					<div class="col-sm-12">
						<c:SMSTextArea ui:field="smsTextArea"></c:SMSTextArea>
					</div>
				</div>
			</div>
		</div>

		<div class="row">
			<div class="col-sm-12">
				<div class="form-group">
					<div class="col-sm-12">
						<div class="pull-right" ui:field="charCounter">Character(s) 621</div>
					</div>
				</div>
			</div>
		</div>

		<div class="row">
			<div class="col-sm-12">
				<div class="form-group">
					<div class="pull-right m-r-md">
						<a href="javascript:void(0)" class="btn btn-s-md btn-primary"
							ui:field="sendBtn">Send</a>
					</div>
				</div>
			</div>
		</div>
	</g:HTMLPanel>
</ui:UiBinder> 