<!DOCTYPE ui:UiBinder SYSTEM "http://dl.google.com/gwt/DTD/xhtml.ent">
<ui:UiBinder xmlns:ui="urn:ui:com.google.gwt.uibinder">
	<ui:style>
		.clearfix{padding: 0;}
		.top-padding-clearfix{padding-top: 0; height: 100%; overflow-y: auto;}
		.img-style{width:100%;}
	</ui:style>
	<div class="panel-body {style.top-padding-clearfix}">
	    <div class="row scrollable wrapper {style.clearfix}" ui:field="divContainer"> 
	        <img src="images/offering_cancel.jpg" class="{style.img-style}"></img>
	        <div class="{style.clearfix}"></div>
	    </div>
	</div>
</ui:UiBinder>