<!DOCTYPE ui:UiBinder SYSTEM "http://dl.google.com/gwt/DTD/xhtml.ent">
<ui:UiBinder xmlns:ui="urn:ui:com.google.gwt.uibinder"
	xmlns:g="urn:import:com.google.gwt.user.client.ui" xmlns:c="urn:import:com.beta.rsatech.churchcradle.client.widgets">
	<ui:style>
		.main-style{height: 100%; width:99%;}
	</ui:style>
	<g:HTMLPanel styleName="{style.main-style}">
		<aside class="aside-md bg-light dker b-r {style.main-style}" id="subNav">
			<ul class="nav" ui:field="titheList">
			    <li class="list-group-item">Loading ...</li>
			</ul>
		</aside>
	</g:HTMLPanel>
</ui:UiBinder> 