<!DOCTYPE ui:UiBinder SYSTEM "http://dl.google.com/gwt/DTD/xhtml.ent">
<ui:UiBinder xmlns:ui="urn:ui:com.google.gwt.uibinder"
	xmlns:g="urn:import:com.google.gwt.user.client.ui" xmlns:c="urn:import:com.beta.rsatech.churchcradle.client.widgets">
	<ui:style>
		.main-style{height: 100%; width:99%;}
	</ui:style>
	<g:HTMLPanel styleName="{style.main-style}">
		<aside class="aside-md bg-light dker b-r {style.main-style}" id="subNav">
<!-- 			<div class="wrapper b-b header">Date</div>
 -->			<c:YearWidget ui:field="yearWidget"></c:YearWidget>
			<ul class="nav" ui:field="offeringList">
			    <li class="b-b">
			        <a href="javascript:void(0)" ui:field="janAnchor">
			            <i class="fa fa-chevron-right pull-right m-t-xs text-xs icon-muted"></i>
			            <span>January</span>
			        </a>
			    </li>
			    <li class="b-b">
			        <a href="javascript:void(0)" ui:field="febAnchor">
			            <i class="fa fa-chevron-right pull-right m-t-xs text-xs icon-muted"></i>
			            <span>February</span>
			        </a>
			    </li>
			    <li class="b-b">
			        <a href="javascript:void(0)" ui:field="marAnchor">
			            <i class="fa fa-chevron-right pull-right m-t-xs text-xs icon-muted"></i>
			            <span>March</span>
			        </a>
			    </li>
			    <li class="b-b">
			        <a href="javascript:void(0)" ui:field="aprAnchor">
			            <i class="fa fa-chevron-right pull-right m-t-xs text-xs icon-muted"></i>
			            <span>April</span>
			        </a>
			    </li>
			    <li class="b-b">
			        <a href="javascript:void(0)" ui:field="mayAnchor">
			            <i class="fa fa-chevron-right pull-right m-t-xs text-xs icon-muted"></i>
			            <span>May</span>
			        </a>
			    </li>
			    <li class="b-b">
			        <a href="javascript:void(0)" ui:field="junAnchor">
			            <i class="fa fa-chevron-right pull-right m-t-xs text-xs icon-muted"></i>
			            <span>June</span>
			        </a>
			    </li>
			    <li class="b-b">
			        <a href="javascript:void(0)" ui:field="julAnchor">
			            <i class="fa fa-chevron-right pull-right m-t-xs text-xs icon-muted"></i>
			            <span>July</span>
			        </a>
			    </li>
			    <li class="b-b">
			        <a href="javascript:void(0)" ui:field="augAnchor">
			            <i class="fa fa-chevron-right pull-right m-t-xs text-xs icon-muted"></i>
			            <span>August</span>
			        </a>
			    </li>
			    <li class="b-b">
			        <a href="javascript:void(0)" ui:field="sepAnchor">
			            <i class="fa fa-chevron-right pull-right m-t-xs text-xs icon-muted"></i>
			            <span>September</span>
			        </a>
			    </li>
			    <li class="b-b">
			        <a href="javascript:void(0)" ui:field="octAnchor">
			            <i class="fa fa-chevron-right pull-right m-t-xs text-xs icon-muted"></i>
			            <span>October</span>
			        </a>
			    </li>
			    <li class="b-b">
			        <a href="javascript:void(0)" ui:field="novAnchor">
			            <i class="fa fa-chevron-right pull-right m-t-xs text-xs icon-muted"></i>
			            <span>November</span>
			        </a>
			    </li>
			    <li class="b-b">
			        <a href="javascript:void(0)" ui:field="decAnchor">
			            <i class="fa fa-chevron-right pull-right m-t-xs text-xs icon-muted"></i>
			            <span>December</span>
			        </a>
			    </li>
			</ul>
		</aside>
	</g:HTMLPanel>
</ui:UiBinder> 