<!DOCTYPE ui:UiBinder SYSTEM "http://dl.google.com/gwt/DTD/xhtml.ent">
<ui:UiBinder xmlns:ui="urn:ui:com.google.gwt.uibinder">
	<ui:style>
		.general-style{float: left !important; padding:0; height: 100%; overflow-y: auto;}
		.module-style{height: 100%;}
	</ui:style>
	<section class="hbox stretch" ui:field="offeringContainer">
		<div class="col-sm-3 {style.module-style} {style.general-style}" ui:field="modulesContainer"></div>
		<div class="col-sm-8 {style.general-style}" ui:field="childContainer"></div>
	</section>
</ui:UiBinder>