<!DOCTYPE ui:UiBinder SYSTEM "http://dl.google.com/gwt/DTD/xhtml.ent">
<ui:UiBinder xmlns:ui="urn:ui:com.google.gwt.uibinder">
	<ui:style>
		.general-style{float: left !important; padding:0; height: 100%; overflow-y: auto; overflow-x: hidden;}
		.module-style{height: 100%;}
		
	</ui:style>
	<section class="hbox stretch" ui:field="bibleReadingContainer">
		<div class="col-xs-12 col-sm-12 col-lg-3 col-md-3 {style.module-style} {style.general-style}" ui:field="modulesContainer"></div>
		<div class="col-xs-12 col-sm-12 col-lg-8 col-md-8 {style.general-style}" ui:field="childContainer"></div>
	</section>
</ui:UiBinder>