<!DOCTYPE ui:UiBinder SYSTEM "http://dl.google.com/gwt/DTD/xhtml.ent">
<ui:UiBinder xmlns:ui="urn:ui:com.google.gwt.uibinder">
	<ui:style>
	.ul-style{padding-left: 30px;}
	</ui:style>
	<div>
	    <ul class="{style.ul-style}">
	        <h4 class="m-t-lg text-danger">SMS</h4>
	    </ul>
		<ul class="list-group gutter list-group-lg list-group-sp sortable">
			<li class="list-group-item bg-danger list-height" draggable="true">
				<span class="pull-right">
					<div>
						<i class="fa fa-circle-o fa-fw m-r-xs"></i>
					</div>
				</span>
				
				<div class="col-sm-2 clear text-white"> Member </div>
				<div class="col-sm-5 clear text-white"> Message </div>
				<div class="col-sm-2 clear text-white"> Display </div>
				<div class="col-sm-2 clear text-white"> Created Date </div>
			</li>

		</ul>

		<ul class="list-group gutter list-group-lg list-group-sp sortable" ui:field="ulListContainer">
			<li class="list-group-item list-height">Loading ...</li>
		</ul>
	</div>

</ui:UiBinder>