<!DOCTYPE ui:UiBinder SYSTEM "http://dl.google.com/gwt/DTD/xhtml.ent">
<ui:UiBinder xmlns:ui="urn:ui:com.google.gwt.uibinder"
	xmlns:g="urn:import:com.google.gwt.user.client.ui" xmlns:c="urn:import:com.beta.rsatech.churchcradle.client.widgets">
	<ui:style>
	.main {
		width: 280px;
		top: 64px;
	}
	
	.span-style {
		width: 200px;
	}
	</ui:style>
	<g:HTMLPanel styleName="col-sm-6 {style.main}">
		<section class="panel panel-default">
			<header class="panel-heading font-bold">
				Member Approval
				<a href="javascript:void(0)" class="pull-right" ui:field="closeAnchor">x</a>
			</header>

			<div class="alert alert-danger hide" ui:field="errorDiv">
				<button type="button" class="close" data-dismiss="alert">×</button>
				<i class="fa fa-ban-circle"></i>
				<strong ui:field="titleErrorMessage"></strong>
			</div>

			<div class="alert alert-primary hide" ui:field="loadingDiv">
				<button type="button" class="close" data-dismiss="alert">×</button>
				<i class="fa fa-ban-circle"></i>
				<strong>Loading ...</strong>
			</div>

			<div class="panel-body">
				<div role="form">
					<div class="form-group">
						<label>Member Name</label>
						<g:TextBox styleName="form-control" ui:field="nameField"></g:TextBox>
					</div>
					<div class="form-group">
						<label>Occupation</label>
						<g:TextBox styleName="form-control" ui:field="occupationField"></g:TextBox>
					</div>
					<div class="form-group">
						<label>Mobile</label>
						<g:TextBox styleName="form-control" ui:field="msisdnField"></g:TextBox>
					</div>
					<div class="form-group hide" ui:field="orgDiv">
						<label>Organisations</label>
						<g:TextBox styleName="form-control" ui:field="orgField"></g:TextBox>
					</div>
					<div class="form-group hide" ui:field="aprDiv">
						<label>Approves</label>
						<g:TextBox styleName="form-control" ui:field="approveField"></g:TextBox>
					</div>
					<div class="form-group hide" ui:field="entryDiv">
						<label>Entries</label>
						<g:TextBox styleName="form-control" ui:field="entryField"></g:TextBox>
					</div>
					<div class="form-group">
						<label>Date</label>
						<g:TextBox styleName="form-control" ui:field="dateField"></g:TextBox>
					</div>
					<div class="form-group">
						<label>Class Leader</label>
						<g:TextBox styleName="form-control" ui:field="classLeaderField"></g:TextBox>
					</div>
					<div class="form-group">
						<label>Created By</label>
						<g:TextBox styleName="form-control" ui:field="createdByField"></g:TextBox>
					</div>
					<div class="form-group">
						<div class="{style.span-style}">
							<span>Administrator :</span>
							<label class="text-danger pull-right" ui:field="isAdminLabel"></label>
						</div>
					</div>
					<div class="form-group">
						<div class="{style.span-style}">
							<span>Enable SMS :</span>
							<label class="text-danger pull-right" ui:field="isSMSLabel"></label>
						</div>
					</div>
					<div class="form-group">
						<div class="{style.span-style}">
							<span>Payment View :</span>
							<label class="text-danger pull-right" ui:field="isPaymentLabel"></label>
						</div>
					</div>
					<div class="checkbox i-checks">
						<label>
							<input type="checkbox" ui:field="checkbox" />
							<i ui:field="iCheck"></i>
							Approve Member
						</label>
					</div>
					<g:Button styleName="btn btn-sm btn-default pull-right"
						ui:field="submitBtn">Submit</g:Button>
					<g:Button styleName="btn btn-sm btn-default pull-left"
						ui:field="rejectBtn">Reject</g:Button>
				</div>
			</div>
		</section>
	</g:HTMLPanel>
</ui:UiBinder>