<!DOCTYPE ui:UiBinder SYSTEM "http://dl.google.com/gwt/DTD/xhtml.ent">
<ui:UiBinder xmlns:ui="urn:ui:com.google.gwt.uibinder"
	xmlns:g="urn:import:com.google.gwt.user.client.ui">
	<ui:style>

	</ui:style>
	<g:HTMLPanel styleName="row">
		<div class="col-sm-12">
			<section class="panel panel-default">
				<header class="panel-heading font-bold">App Statistics</header>
				<div class="panel-body scrollable">
					<form class="bs-example form-horizontal">

						<div class="alert alert-success hide" ui:field="confirmTitle">
							<button type="button" class="close" data-dismiss="alert">&times;</button>
							<i class="fa fa-ok-sign"></i>
							<strong>Changes Saved Successfully!</strong>
						</div>
						
						<div class="alert alert-success hide" ui:field="loadingTitle">
							<button type="button" class="close" data-dismiss="alert">&times;</button>
							<i class="fa fa-ok-sign"></i>
							<strong>Loading ...</strong>
						</div>
						
						<div class="alert alert-success hide" ui:field="errorTitle">
							<button type="button" class="close" data-dismiss="alert">&times;</button>
							<i class="fa fa-ok-sign"></i>
							<strong>Bad network connection, please try again later</strong>
						</div>
						
						<div class="form-group">
							<label class="col-xs-5  pull-left h5">Package Features</label>
						</div>

						<div class="form-group">
							<label class="col-xs-5 ">Approve</label>
							<div class="col-xs-5 pull-right">
								<div class="btn btn-danger" data-toggle="modal" ui:field="approveStatus">Disabled</div>
							</div>
						</div>

						<div class="form-group">
							<label class="col-xs-5 ">Member Access</label>
							<div class="col-xs-5 pull-right">
								<div class="btn btn-danger" data-toggle="modal" ui:field="entryStatus">Disabled</div>
							</div>
						</div>

						<div class="form-group">
							<label class="col-xs-5 ">Broadcast / Notifications</label>
							<div class="col-xs-5 pull-right">
								<div class="btn btn-danger" data-toggle="modal" ui:field="notiStatus">Disabled</div>
							</div>
						</div>

						<div class="form-group">
							<label class="col-xs-5 ">SMS Push</label>
							<div class="col-xs-5 pull-right">
								<div class="btn btn-danger" data-toggle="modal" ui:field="sPushStatus">Disabled</div>
							</div>
						</div>

						<div class="line line-dashed b-b line-xs pull-in"></div>

						<div class="form-group">
							<label class="col-xs-5  pull-left h5">System Controls</label>
						</div>

						<div class="form-group">
							<label class="col-xs-5 ">Birthday Notification</label>

							<div class="col-xs-5 pull-right">
								<label class="switch">
									<input type="checkbox" ui:field="bPushSwitch"></input>
									<span></span>
								</label>
							</div>
						</div>

						<div class="form-group">
							<label class="col-xs-5 ">Tithe Notification</label>
							<div class="col-xs-5 pull-right">
								<label class="switch">
									<input type="checkbox" ui:field="tPushSwitch"></input>
									<span></span>
								</label>
							</div>
						</div>

						<div class="line line-dashed b-b line-xs pull-in"></div>
						<div class="form-group">
							<label class="col-xs-5  pull-left h5">App Properties</label>
						</div>

						<div class="form-group">
							<label class="col-xs-5 ">SMS Remaining</label>
							<div class="col-xs-4">
								<div class="btn" ui:field="smsLeft">0</div>
							</div>
							<div class="col-xs-2">
								<a href="javascript:void(0)" class="btn btn-primary btn-rounded"
									data-toggle="modal" ui:field="smsBuy">Buy</a>
							</div>
						</div>

						<div class="form-group">
							<label class="col-xs-5 ">Days Remaining</label>
							<div class="col-xs-4">
								<div class="btn" ui:field="daysLeft">0</div>
							</div>
							<div class="col-xs-2">
								<a href="javascript:void(0)" class="btn btn-primary btn-rounded"
									data-toggle="modal" ui:field="renewBtn">Renew</a>
							</div>
						</div>

						<div class="form-group">
							<label class="col-xs-5 ">Member Limit (Unlimited)</label>
							<div class="col-xs-4">
								<div class="btn btn-success" ui:field="membersRatio">0</div>
							</div>
							<div class="col-xs-2 hide">
								<a href="javascript:void(0)" class="btn btn-primary btn-rounded"
									data-toggle="modal" ui:field="upgradeBtn">Upgrade</a>
							</div>
						</div>

						<div class="form-group">
							<div class="col-xs-offset-2 col-xs-10">
								<g:Button styleName="btn btn-sm btn-default m-t-xs pull-right"
									ui:field="saveBtn">Save Changes</g:Button>
							</div>
						</div>

					</form>
				</div>
			</section>
		</div>
	</g:HTMLPanel>
</ui:UiBinder> 