<!DOCTYPE ui:UiBinder SYSTEM "http://dl.google.com/gwt/DTD/xhtml.ent">
<ui:UiBinder xmlns:ui="urn:ui:com.google.gwt.uibinder">
	<ui:style>
		.module-height-style{height: 100%; width: 100% !important;}
	</ui:style>
	<aside class="aside-md bg-light dker b-r {style.module-height-style}" id="subNav">
		<div class="wrapper b-b header">SMS</div>
		<ul class="nav">
			<li class="b-b active">
				<a href="javascript:void(0)" ui:field="composeAnchor">
					<i class="fa fa-chevron-right pull-right m-t-xs text-xs icon-muted"></i>
					Compose
				</a>
			</li>
			<li class="b-b">
				<a href="javascript:void(0)" ui:field="sentAnchor">
					<i class="fa fa-chevron-right pull-right m-t-xs text-xs icon-muted"></i>
					Sent
				</a>
			</li>
			<li class="b-b hide" ui:field="pendingLi">
				<a href="javascript:void(0)" ui:field="pendingAnchor">
					<i class="fa fa-chevron-right pull-right m-t-xs text-xs icon-muted"></i>
					Pending
				</a>
			</li>
		</ul>
	</aside>
</ui:UiBinder>