<!DOCTYPE ui:UiBinder SYSTEM "http://dl.google.com/gwt/DTD/xhtml.ent">
<ui:UiBinder xmlns:ui="urn:ui:com.google.gwt.uibinder">
	<ui:style>
	
	</ui:style>
	<section class="row m-l-none m-r-none m-b text-center box-shadow">
		<div class="col-xs-12 bg-primary dk lter r-l">
			<div class="wrapper">
				<i class="fa fa-group fa fa-3x m-t m-b-sm text-white"></i>
				<p class="text-muted font-bold">Members</p>
				<div class="h4 font-bold" ui:field="memberCount">2k</div>
			</div>
		</div>
		
		
	</section>
</ui:UiBinder>