<!DOCTYPE ui:UiBinder SYSTEM "http://dl.google.com/gwt/DTD/xhtml.ent">
<ui:UiBinder xmlns:ui="urn:ui:com.google.gwt.uibinder"
	xmlns:g="urn:import:com.google.gwt.user.client.ui">
	<ui:style>
	
	</ui:style>
	<g:HTMLPanel>
		<section id="content">
			<section class="hbox stretch">
				<section>
					<section class="vbox">
						<section class="scrollable padder">
							<section class="row m-b-md">
								<div class="col-sm-6">
									<h3 class="m-b-xs text-black">Dashboard</h3>

								</div>

							</section>
							<div class="row">
								<div class="col-sm-12">
									<div class="panel b-a">
										<div class="row m-n">
											<div class="col-md-6 b-b b-r">
												<a href="#" class="block padder-v hover">
													<span class="i-s i-s-2x pull-left m-r-sm">
														<i class="i i-hexagon2 i-s-base text-danger hover-rotate"></i>
														<i class="i i-plus2 i-1x text-white"></i>
													</span>
													<span class="clear">
														<span class="h3 block m-t-xs text-danger">200</span>
														<small class="text-muted text-u-c">New Visits</small>
													</span>
												</a>
											</div>
											<div class="col-md-6 b-b">
												<a href="#" class="block padder-v hover">
													<span class="i-s i-s-2x pull-left m-r-sm">
														<i class="i i-hexagon2 i-s-base text-success-lt hover-rotate"></i>
														<i class="i i-users2 i-sm text-white"></i>
													</span>
													<span class="clear">
														<span class="h3 block m-t-xs text-success">7,000</span>
														<small class="text-muted text-u-c">Members</small>
													</span>
												</a>
											</div>
											<div class="col-md-6 b-b b-r">
												<a href="#" class="block padder-v hover">
													<span class="i-s i-s-2x pull-left m-r-sm">
														<i class="i i-hexagon2 i-s-base text-info hover-rotate"></i>
														<i class="i i-mail i-sm text-white"></i>
													</span>
													<span class="clear">
														<span class="h3 block m-t-xs text-info">
															25,000
															<span class="text-sm">SMS</span>
														</span>
														<small class="text-muted text-u-c">This Month</small>
													</span>
												</a>
											</div>
											<div class="col-md-6 b-b">
												<a href="#" class="block padder-v hover">
													<span class="i-s i-s-2x pull-left m-r-sm">
														<i class="i i-hexagon2 i-s-base text-primary hover-rotate"></i>
														<i class="i i-alarm i-sm text-white"></i>
													</span>
													<span class="clear">
														<span class="h3 block m-t-xs text-primary">9</span>
														<small class="text-muted text-u-c">Approve Request</small>
													</span>
												</a>
											</div>
										</div>
									</div>
								</div>

							</div>

							<div class="row">


								<div class="col-md-12">
									<section class="panel b-light">
										<header class="panel-heading">
											<strong>Calendar</strong>
										</header>
										<div id="calendar" class="bg-light dker m-l-n-xxs m-r-n-xxs"></div>
										<div class="list-group">
											<a href="#" class="list-group-item text-ellipsis">
												<span class="badge bg-warning"></span>

											</a>
											<a href="#" class="list-group-item text-ellipsis">
												<span class="badge bg-success"></span>

											</a>
										</div>
									</section>
								</div>
							</div>
						</section>
					</section>
				</section>
			</section>
			<a href="#" class="hide nav-off-screen-block" data-toggle="class:nav-off-screen"
				data-target="#nav"></a>
		</section>
	</g:HTMLPanel>
</ui:UiBinder> 