<!DOCTYPE ui:UiBinder SYSTEM "http://dl.google.com/gwt/DTD/xhtml.ent">
<ui:UiBinder xmlns:ui="urn:ui:com.google.gwt.uibinder"
	xmlns:g="urn:import:com.google.gwt.user.client.ui">
	<ui:style>
	
	</ui:style>
	<g:HTMLPanel>
	<header class="bg-white header header-md navbar navbar-fixed-top-xs box-shadow">
						<div class="navbar-header aside-md dk">
							<a class="btn btn-link visible-xs" data-toggle="class:nav-off-screen,open"
								data-target="#nav,html">
								<i class="fa fa-bars"></i>
							</a>
							<a href="index.html" class="navbar-brand">
								<img src="images/logo.png" class="m-r-sm" alt="scale" />
									<span class="hidden-nav-xs">Mt. Olivet</span>
							</a>
							<a class="btn btn-link visible-xs" data-toggle="dropdown"
								data-target=".user">
								<i class="fa fa-cog"></i>
							</a>
						</div>
						
						
						<ul class="nav navbar-nav navbar-right m-n hidden-xs nav-user user">
							<li class="hidden-xs">
								
							<!-- 	<section class="dropdown-menu aside-xl animated flipInY">
									<section class="panel bg-white">
										<div class="panel-heading b-light bg-light">
											<strong>
												You have
												<span class="count">2</span>
												notifications
											</strong>
										</div>
										<div class="list-group list-group-alt">
											<a href="#" class="media list-group-item">
												<span class="pull-left thumb-sm">
													<img src="images/a0.png" alt="..." class="img-circle" />
												</span>
												<span class="media-body block m-b-none">
													Use awesome animate.css
													<br />
														<small class="text-muted">10 minutes ago</small>
												</span>
											</a>
											<a href="#" class="media list-group-item">
												<span class="media-body block m-b-none">
													1.0 initial released
													<br />
														<small class="text-muted">1 hour ago</small>
												</span>
											</a>
										</div>
										<div class="panel-footer text-sm">
											<a href="#" class="pull-right">
												<i class="fa fa-cog"></i>
											</a>
											<a href="#notes" data-toggle="class:show animated fadeInRight">See all the notifications</a>
										</div>
									</section>
								</section> -->
							</li>
							<li class="dropdown">
								<a href="#" class="dropdown-toggle" data-toggle="dropdown">
									<span class="thumb-sm avatar pull-left">
										<img src="images/a0.png" alt="..." />
									</span>
									Fetz Selby
									<b class="caret"></b>
								</a>
								<ul class="dropdown-menu animated fadeInRight">
									<li>
										<span class="arrow top"></span>
										<a href="#settings">Settings</a>
									</li>
									<li>
										<a href="#profile">Profile</a>
									</li>
									<li>
										<a href="#help">Help</a>
									</li>
									<li class="divider"></li>
									<li>
										<a href="#logout" data-toggle="ajaxModal">Logout</a>
									</li>
								</ul>
							</li>
						</ul>
					</header>
	</g:HTMLPanel>
</ui:UiBinder> 