<!DOCTYPE ui:UiBinder SYSTEM "http://dl.google.com/gwt/DTD/xhtml.ent">
<ui:UiBinder xmlns:ui="urn:ui:com.google.gwt.uibinder">
	<ui:style>
		.img-style{width:30px !important; height:30px !important;}
	</ui:style>
	<ul class="nav navbar-nav navbar-right m-n hidden-xs nav-user user">
		<li class="hidden-xs">


		</li>
		<li class="dropdown">
			<a href="#" class="dropdown-toggle" data-toggle="dropdown">
				<span class="thumb-sm avatar pull-left">
					<img src="images/a0.png" class="{style.img-style}" alt="..." ui:field="avatar"/>
				</span>
				<span ui:field="userNameSpan"></span>
				<b class="caret"></b>
			</a>
			<ul class="dropdown-menu animated fadeInRight" >
				<li>
					<span class="arrow top"></span>
					<a href="#settings">Change Password</a>
				</li>
				
				<!-- <li>
					<a href="#help">Help</a>
				</li> -->
				<li class="divider"></li>
				<li ui:field="userOptionsList">
				    
				</li>
				<li>
					<a href="#logout">Logout</a>
				</li>
			</ul>
		</li>
	</ul>
</ui:UiBinder>