<!DOCTYPE ui:UiBinder SYSTEM "http://dl.google.com/gwt/DTD/xhtml.ent">
<ui:UiBinder xmlns:ui="urn:ui:com.google.gwt.uibinder"
	xmlns:g="urn:import:com.google.gwt.user.client.ui" xmlns:c="urn:import:com.beta.rsatech.churchcradle.client.widgets">
	<ui:style>
	</ui:style>
	<g:HTMLPanel>
		<div class="row">

		</div>

		<div class="panel-body">
			<div role="form">
			    <div class="form-group">
						<label>Member</label>
						<g:SimplePanel ui:field="searchContainer"></g:SimplePanel>
					</div>
				<div class="form-group">
					<g:TextBox styleName="form-control" ui:field="amountField"></g:TextBox>
				</div>
				
				<div class="form-group">
					<c:ReviewPopupTextArea ui:field="descField"></c:ReviewPopupTextArea>
				</div>
				
			</div>
		</div>
	</g:HTMLPanel>
</ui:UiBinder> 