<!DOCTYPE ui:UiBinder SYSTEM "http://dl.google.com/gwt/DTD/xhtml.ent">
<ui:UiBinder xmlns:ui="urn:ui:com.google.gwt.uibinder"
	xmlns:g="urn:import:com.google.gwt.user.client.ui" xmlns:c="urn:import:com.beta.rsatech.churchcradle.client.widgets">
	<ui:style>
		.upload-hide {cursor: pointer;opacity: 0;position: absolute;z-index: 2;}
	</ui:style>
	<g:HTMLPanel>
		<div class="row">
			<div class="text-center m-t">
				<div class="thumb-lg avatar b-3x">
					<img src="images/coins.gif"></img>
				</div>
			</div>
		</div>

		<div class="panel-body">
			<div role="form">
				<div class="form-group">
					<g:TextBox styleName="form-control" ui:field="fullNameField"></g:TextBox>
				</div>
				<div class="form-group">
					<g:TextBox styleName="form-control" ui:field="monthField"></g:TextBox>
				</div>
				<div class="form-group">
					<g:TextBox styleName="form-control" ui:field="amountField"></g:TextBox>
				</div>
			</div>
		</div>
	</g:HTMLPanel>
</ui:UiBinder> 