<!DOCTYPE ui:UiBinder SYSTEM "http://dl.google.com/gwt/DTD/xhtml.ent">
<ui:UiBinder xmlns:ui="urn:ui:com.google.gwt.uibinder"
	xmlns:g="urn:import:com.google.gwt.user.client.ui">
	<ui:style>
		.form-style{cursor:pointer;}
		.more-form-style{margin-top: -130px; }
		.upload-style{height: 130px; margin-top: -130px; z-index: 4;}
	</ui:style>
	<g:HTMLPanel>
		<g:FormPanel styleName="form col-sm-12"
			ui:field="formPanel">
			<g:FileUpload styleName="filestyle {style.form-style} {style.upload-style}"
				ui:field="upload"></g:FileUpload>
		</g:FormPanel>
	</g:HTMLPanel>
</ui:UiBinder> 
