<!DOCTYPE ui:UiBinder SYSTEM "http://dl.google.com/gwt/DTD/xhtml.ent">
<ui:UiBinder xmlns:ui="urn:ui:com.google.gwt.uibinder"
	xmlns:g="urn:import:com.google.gwt.user.client.ui">
	<ui:style>

	</ui:style>
	<g:HTMLPanel>
		<div class="panel-body">
			<div role="form">

				<div class="form-group">
					<g:PasswordTextBox styleName="form-control" ui:field="passwordField"></g:PasswordTextBox>
				</div>

				<div class="form-group">
					<g:PasswordTextBox styleName="form-control" ui:field="rePasswordField"></g:PasswordTextBox>
				</div>
				
			</div>
		</div>
	</g:HTMLPanel>
</ui:UiBinder> 